<TextureAtlas imagePath="sheet.png">
    <SubTexture name="yellow_boxCheckmark.png" x="380" y="36" width="38" height="36" />
    <SubTexture name="yellow_boxCross.png" x="380" y="0" width="38" height="36" />
    <SubTexture name="yellow_boxTick.png" x="386" y="174" width="36" height="36" />
    <SubTexture name="yellow_button00.png" x="190" y="45" width="190" height="49" />
    <SubTexture name="yellow_button01.png" x="190" y="0" width="190" height="45" />
    <SubTexture name="yellow_button02.png" x="0" y="188" width="190" height="49" />
    <SubTexture name="yellow_button03.png" x="0" y="49" width="190" height="45" />
    <SubTexture name="yellow_button04.png" x="0" y="139" width="190" height="49" />
    <SubTexture name="yellow_button05.png" x="0" y="94" width="190" height="45" />
    <SubTexture name="yellow_button06.png" x="190" y="194" width="49" height="49" />
    <SubTexture name="yellow_button07.png" x="239" y="194" width="49" height="49" />
    <SubTexture name="yellow_button08.png" x="290" y="143" width="49" height="45" />
    <SubTexture name="yellow_button09.png" x="290" y="94" width="49" height="49" />
    <SubTexture name="yellow_button10.png" x="337" y="188" width="49" height="45" />
    <SubTexture name="yellow_button11.png" x="339" y="94" width="49" height="49" />
    <SubTexture name="yellow_button12.png" x="288" y="194" width="49" height="45" />
    <SubTexture name="yellow_button13.png" x="0" y="0" width="190" height="49" />
    <SubTexture name="yellow_checkmark.png" x="337" y="233" width="21" height="20" />
    <SubTexture name="yellow_circle.png" x="386" y="210" width="36" height="36" />
    <SubTexture name="yellow_cross.png" x="0" y="237" width="18" height="18" />
    <SubTexture name="yellow_panel.png" x="190" y="94" width="100" height="100" />
    <SubTexture name="yellow_sliderDown.png" x="388" y="72" width="28" height="42" />
    <SubTexture name="yellow_sliderLeft.png" x="339" y="143" width="39" height="31" />
    <SubTexture name="yellow_sliderRight.png" x="378" y="143" width="39" height="31" />
    <SubTexture name="yellow_sliderUp.png" x="416" y="72" width="28" height="42" />
    <SubTexture name="yellow_tick.png" x="18" y="237" width="17" height="17" />
</TextureAtlas>